{"skeleton":{"hash":"oVoPSQ00PeVY3/kWab3CujVyoSs","spine":"3.5.51","width":76.59,"height":76.14,"images":"./images/"},"bones":[{"name":"root","x":-1.05,"y":154.81},{"name":"bone","parent":"root"},{"name":"bone2","parent":"root","x":0.68,"y":-154.63},{"name":"nam","parent":"bone2","length":48.29,"rotation":90.22,"x":0.53,"y":1.97}],"slots":[{"name":"nam","bone":"nam","attachment":"n7"}],"skins":{"default":{"nam":{"m1":{"x":152.66,"y":0.63,"rotation":-90.22,"width":326,"height":379},"m2":{"x":152.66,"y":0.63,"rotation":-90.22,"width":326,"height":379},"m3":{"x":152.66,"y":0.63,"rotation":-90.22,"width":326,"height":379},"m4":{"x":152.66,"y":0.63,"rotation":-90.22,"width":326,"height":379},"m5":{"type":"mesh","uvs":[1,1,0,1,0,0,1,0],"triangles":[1,2,3,1,3,0],"vertices":[-37.46,-161.65,-36.21,164.35,342.79,162.9,341.54,-163.1],"hull":4,"edges":[0,2,2,4,4,6,0,6],"width":326,"height":379},"n1":{"x":152.66,"y":0.63,"rotation":-90.22,"width":326,"height":379},"n2":{"x":152.76,"y":26.16,"rotation":-90.22,"width":326,"height":379},"n3":{"x":152.77,"y":29.81,"rotation":-90.22,"width":326,"height":379},"n4":{"x":152.66,"y":0.63,"rotation":-90.22,"width":326,"height":379},"n5":{"x":152.66,"y":0.63,"rotation":-90.22,"width":326,"height":379},"n6":{"type":"mesh","uvs":[0.48842,0.71798,0.45368,0.73253,0.40935,0.76358,0.38513,0.79857,0.38878,0.81194,0.41301,0.82845,0.44911,0.83789,0.43129,0.89725,0.47608,0.91652,0.58394,0.90236,0.57892,0.82334,0.61548,0.78678,0.61457,0.76634,0.57846,0.74039,0.53732,0.7227,0.42809,0.79228,0.56658,0.77617,0.4674,0.87484,0.55195,0.8658],"triangles":[16,14,13,16,13,12,16,12,11,15,2,1,15,1,0,16,15,0,16,0,14,3,2,15,4,3,15,10,16,11,5,4,15,6,15,16,18,6,16,5,15,6,10,18,16,17,6,18,7,6,17,18,10,9,8,17,18,7,17,8,8,18,9],"vertices":[70.06,4.72,64.59,16.06,52.88,30.56,39.65,38.51,34.58,37.34,28.29,29.46,24.67,17.71,2.19,23.6,-5.17,9.03,0.06,-26.16,30.02,-24.63,43.83,-36.6,51.58,-36.34,61.46,-24.6,68.21,-11.22,41.98,24.49,47.91,-20.68,10.64,11.8,13.96,-15.78],"hull":15,"edges":[0,2,2,4,4,6,6,8,8,10,10,12,12,14,14,16,16,18,18,20,20,22,22,24,24,26,26,28,0,28,30,32,34,36],"width":326,"height":379},"n7":{"type":"mesh","uvs":[0.50259,0.71523,0.46054,0.72506,0.4226,0.74943,0.39244,0.77813,0.38787,0.79582,0.40478,0.81705,0.44546,0.83317,0.4354,0.86659,0.42306,0.89882,0.46557,0.91612,0.57754,0.90354,0.57343,0.82885,0.61,0.80368,0.62279,0.78678,0.61868,0.77381,0.5812,0.74,0.54327,0.72231,0.4354,0.78167,0.56566,0.77734,0.46282,0.87327,0.54601,0.86816,0.42426,0.76687,0.42369,0.80885],"triangles":[21,2,1,18,16,15,18,15,14,3,2,21,17,21,1,17,1,0,18,17,0,18,0,16,12,18,14,12,14,13,21,17,22,21,22,3,4,3,22,5,4,22,11,18,12,6,17,18,6,18,11,22,17,6,5,22,6,20,6,11,19,7,6,20,19,6,20,11,10,9,19,20,8,7,19,9,8,19,9,20,10],"vertices":[71.09,0.09,67.42,13.82,58.23,26.22,47.39,36.09,40.69,37.61,32.62,32.13,26.46,18.89,13.81,22.22,1.61,26.29,-5,12.46,-0.38,-24.07,27.94,-22.84,37.43,-34.79,43.82,-38.99,48.74,-37.67,61.6,-25.5,68.36,-13.16,45.99,22.09,47.47,-20.38,11.24,13.29,13.07,-13.84,51.61,25.71,35.7,25.95],"hull":17,"edges":[0,2,2,4,4,6,6,8,8,10,10,12,12,14,14,16,16,18,18,20,20,22,22,24,24,26,26,28,28,30,30,32,0,32,34,36,38,40,42,44],"width":326,"height":379},"n8":{"type":"mesh","uvs":[0.48032,0.71326,0.4358,0.74252,0.40756,0.76819,0.38739,0.7897,0.38739,0.81052,0.40998,0.82926,0.45193,0.83967,0.43257,0.89588,0.46484,0.91669,0.58263,0.9042,0.5794,0.82371,0.62054,0.78485,0.60602,0.75223,0.53987,0.7217,0.4334,0.79051,0.58732,0.77371,0.46892,0.87708,0.56542,0.86741],"triangles":[15,13,12,15,12,11,14,2,1,14,1,0,14,0,13,14,13,15,14,4,3,14,3,2,10,14,15,10,15,11,5,4,14,6,14,10,5,14,6,17,6,10,16,6,17,7,6,16,17,10,9,8,7,16,8,16,17,8,17,9],"vertices":[71.86,7.35,60.83,21.91,51.13,31.15,43.01,37.76,35.12,37.79,27.99,30.45,23.99,16.79,2.71,23.18,-5.22,12.69,-0.63,-25.72,29.88,-24.79,44.56,-38.26,56.94,-33.57,68.59,-12.05,42.64,22.76,48.82,-27.44,9.79,11.31,13.33,-20.17],"hull":14,"edges":[0,2,2,4,4,6,6,8,8,10,10,12,12,14,14,16,16,18,18,20,20,22,22,24,24,26,0,26,28,30,32,34],"width":326,"height":379},"n9":{"x":152.66,"y":0.63,"rotation":-90.22,"width":326,"height":379},"n10":{"x":152.66,"y":0.63,"rotation":-90.22,"width":326,"height":379},"n11":{"x":152.66,"y":0.63,"rotation":-90.22,"width":326,"height":379},"n12":{"x":152.66,"y":0.63,"rotation":-90.22,"width":326,"height":379},"n13":{"x":152.66,"y":0.63,"rotation":-90.22,"width":326,"height":379},"n14":{"x":152.66,"y":0.63,"rotation":-90.22,"width":326,"height":379},"n15":{"x":152.66,"y":0.63,"rotation":-90.22,"width":326,"height":379},"n16":{"x":152.66,"y":0.63,"rotation":-90.22,"width":326,"height":379},"n17":{"x":152.66,"y":0.63,"rotation":-90.22,"width":326,"height":379},"n18":{"x":152.66,"y":0.63,"rotation":-90.22,"width":326,"height":379},"n19":{"x":152.66,"y":0.63,"rotation":-90.22,"width":326,"height":379},"n20":{"x":152.66,"y":0.63,"rotation":-90.22,"width":326,"height":379},"n21":{"x":152.66,"y":0.63,"rotation":-90.22,"width":326,"height":379},"n22":{"x":152.66,"y":0.63,"rotation":-90.22,"width":326,"height":379},"n23":{"x":152.66,"y":0.63,"rotation":-90.22,"width":326,"height":379}}}},"animations":{"explose":{"slots":{"nam":{"attachment":[{"time":0,"name":"n1"},{"time":0.0667,"name":"n2"},{"time":0.1333,"name":"n3"},{"time":0.2,"name":"n4"},{"time":0.2667,"name":"n5"},{"time":0.3333,"name":"n6"},{"time":0.4,"name":"n7"},{"time":0.4667,"name":"n8"},{"time":0.5333,"name":"n9"},{"time":0.6,"name":"n10"},{"time":0.6667,"name":"n11"},{"time":0.7333,"name":"n12"},{"time":0.8,"name":"n13"},{"time":0.8667,"name":"n14"},{"time":0.9,"name":"n15"},{"time":0.9667,"name":"n16"},{"time":1,"name":"n17"},{"time":1.0667,"name":"n18"},{"time":1.1333,"name":"n19"},{"time":1.1667,"name":"n20"},{"time":1.2333,"name":"n21"},{"time":1.3,"name":"n22"},{"time":1.3667,"name":"n23"}]}},"bones":{"root":{"rotate":[{"time":0,"angle":0,"curve":"stepped"},{"time":0.0667,"angle":0,"curve":"stepped"},{"time":0.1333,"angle":0,"curve":"stepped"},{"time":0.2,"angle":0,"curve":"stepped"},{"time":0.2667,"angle":0,"curve":"stepped"},{"time":0.3333,"angle":0,"curve":"stepped"},{"time":0.4,"angle":0,"curve":"stepped"},{"time":0.4667,"angle":0,"curve":"stepped"},{"time":0.5333,"angle":0,"curve":"stepped"},{"time":0.6,"angle":0,"curve":"stepped"},{"time":0.6667,"angle":0,"curve":"stepped"},{"time":0.7333,"angle":0,"curve":"stepped"},{"time":0.8,"angle":0,"curve":"stepped"},{"time":0.8667,"angle":0,"curve":"stepped"},{"time":0.9,"angle":0,"curve":"stepped"},{"time":0.9667,"angle":0,"curve":"stepped"},{"time":1,"angle":0,"curve":"stepped"},{"time":1.0667,"angle":0,"curve":"stepped"},{"time":1.1333,"angle":0,"curve":"stepped"},{"time":1.1667,"angle":0,"curve":"stepped"},{"time":1.2333,"angle":0,"curve":"stepped"},{"time":1.3,"angle":0,"curve":"stepped"},{"time":1.3667,"angle":0}],"translate":[{"time":0,"x":0,"y":0,"curve":"stepped"},{"time":0.0667,"x":0,"y":0,"curve":"stepped"},{"time":0.1333,"x":0,"y":0,"curve":"stepped"},{"time":0.2,"x":0,"y":0,"curve":"stepped"},{"time":0.2667,"x":0,"y":0,"curve":"stepped"},{"time":0.3333,"x":0,"y":0,"curve":"stepped"},{"time":0.4,"x":0,"y":0,"curve":"stepped"},{"time":0.4667,"x":0,"y":0,"curve":"stepped"},{"time":0.5333,"x":0,"y":0,"curve":"stepped"},{"time":0.6,"x":0,"y":0,"curve":"stepped"},{"time":0.6667,"x":0,"y":0,"curve":"stepped"},{"time":0.7333,"x":0,"y":0,"curve":"stepped"},{"time":0.8,"x":0,"y":0,"curve":"stepped"},{"time":0.8667,"x":0,"y":0,"curve":"stepped"},{"time":0.9,"x":0,"y":0,"curve":"stepped"},{"time":0.9667,"x":0,"y":0,"curve":"stepped"},{"time":1,"x":0,"y":0,"curve":"stepped"},{"time":1.0667,"x":0,"y":0,"curve":"stepped"},{"time":1.1333,"x":0,"y":0,"curve":"stepped"},{"time":1.1667,"x":0,"y":0,"curve":"stepped"},{"time":1.2333,"x":0,"y":0,"curve":"stepped"},{"time":1.3,"x":0,"y":0,"curve":"stepped"},{"time":1.3667,"x":0,"y":0}],"scale":[{"time":0,"x":1,"y":1,"curve":"stepped"},{"time":0.0667,"x":1,"y":1,"curve":"stepped"},{"time":0.1333,"x":1,"y":1,"curve":"stepped"},{"time":0.2,"x":1,"y":1,